{"cameraMode":{"drawMode":0,"name":"Shaded","section":"Shading Mode"},"sceneLighting":true,"audioPlay":false,"sceneViewState":{"m_AlwaysRefresh":false,"showFog":true,"showSkybox":true,"showFlares":true,"showImageEffects":true,"showParticleSystems":true,"showVisualEffectGraphs":true,"m_FxEnabled":true},"in2DMode":false,"pivot":{"x":1007.1158447265625,"y":201.87664794921876,"z":-190.339599609375},"rotation":{"x":0.0871289074420929,"y":0.04033045098185539,"z":-0.0035268960054963829,"w":0.9953842759132385},"size":245.81936645507813,"orthographic":false}